"","Sig1","Sig2","Sig3","Sig4","Sig5"
"A[C>A]A",24.1899589652901,14.6003207820712,6.76950491761645,5.35056239574028,39.089652939289
"A[C>A]C",4.33432018121814,16.6088311170675,8.90086680841137,8.36216563504662,25.7938162582634
"A[C>A]G",4.95989899743701,2.76682231507658,2.8988989116152e-17,1.30458797167108,5.96869071582232
"A[C>A]T",10.9711856803025,10.7680934365234,14.0348141304159,7.75770446522622,16.4682022875389
"A[C>G]A",0.732267739119096,13.3447461809196,3.58537147654899,2.3329708011652,3.00464380225416
"A[C>G]C",2.58462308149997e-17,19.0450543784978,8.13225158636449,1.8226527679238,4.12672209047376e-05
"A[C>G]G",11.264540672347,19.188716609986,2.8988989116152e-17,4.33740756705483,2.20933515061915
"A[C>G]T",2.58462308149997e-17,13.2452370115983,7.41048433690718,0.84526020207877,2.49901844942271
"A[C>T]A",13.8695273003877,7.47737859203458,14.9466919987507,15.0909999406613,25.6154021681727
"A[C>T]C",89.5760983721849,81.8789249133066,54.726300824006,38.1683126035116,31.6503632869979
"A[C>T]G",53.0114909842476,60.6611032006871,66.78276106093,38.1347351282893,69.409909625853
"A[C>T]T",35.2931533717973,24.6741527766331,23.3319742547081,23.6030614092012,26.0976581876674
"A[T>A]A",16.4335437766566,8.14709898665575,7.02699562261279,7.34082784412993,2.05153376995196
"A[T>A]C",2.58462308149997e-17,10.4039796180527,5.15202998245399,5.6096151003763,2.83437529912401
"A[T>A]G",7.87350877244045,9.8818271588985,2.5266191021832,10.7613994721898,2.95664549429507
"A[T>A]T",17.6786703153676,19.3983494485604,11.5442840560389,11.3786961800401,2.20643636716608e-17
"A[T>C]A",0.0176574178211166,2.66222684077185,2.67977893269647e-05,5.35961002397723,11.9604789196475
"A[T>C]C",13.2159870931029,11.8293017881053,5.73290458444718,5.71677418059568,19.5050323537559
"A[T>C]G",12.2112608248685,8.05987181794242,5.71189984489034,6.4872326484658,4.52973486383994
"A[T>C]T",2.58462308149997e-17,9.05090830473099,10.6884682284444,7.22247729912555,1.03814616770608
"A[T>G]A",2.59850868951572,2.96599127382523e-17,1.04809053239357,1.59966216825478e-17,3.35340077809771
"A[T>G]C",8.68216753233947,2.96599127382523e-17,3.76489554586248,2.55293692180505,2.20643636716608e-17
"A[T>G]G",15.5648312920502,5.38373750281369,3.2502704133111,7.14981681606809,5.65134397576388
"A[T>G]T",2.87037179162492,1.13310855417753,3.49395915954569,5.50256049465886,2.20643636716608e-17
"C[C>A]A",2.58462308149997e-17,15.3263308342303,19.309689662489,16.3373410791048,23.026638424183
"C[C>A]C",4.18570889449418,5.09981645482953,17.3306027887662,6.32089255919297,6.06297930272411
"C[C>A]G",1.07820751531142,3.65555928329262,3.90643337578996,6.26953800288563,4.09026182272738
"C[C>A]T",18.1434942580195,22.5767628735327,23.2656772826181,14.6544925060384,22.3595730797983
"C[C>G]A",1.95868831270134e-08,23.0949316083671,2.8988989116152e-17,0.905068372053039,2.20643636716608e-17
"C[C>G]C",2.02293162731368,19.4865794056052,2.8988989116152e-17,0.839856625884342,1.65063234120373
"C[C>G]G",12.5077632450812,11.2864807431746,10.2818740222872,9.24536911553593,1.67851287392804
"C[C>G]T",2.30998317519095,24.3161287404616,3.81968220194252,5.22709911117479,2.32710677123713
"C[C>T]A",184.904509167649,147.781406415607,155.298621369306,83.75652490139,43.2589381460554
"C[C>T]C",440.16516568575,262.685434823062,223.25267514989,193.146901861608,32.7498224796968
"C[C>T]G",132.385599909435,150.614457267191,124.575490412838,110.16167686008,59.2627755504624
"C[C>T]T",175.309624084602,151.457181430896,159.773402419698,91.7984414496317,44.6613506151795
"C[T>A]A",7.37024583421283,2.96599127382523e-17,3.73280444232737,1.59966216825478e-17,3.89694972346681
"C[T>A]C",5.61023162617956,9.19995448776924,4.1797939661146,5.91320762935546,2.09681229058813
"C[T>A]G",10.9306623566732,2.67857660943857,5.03716497682292,7.89100357824521,8.46259247882715
"C[T>A]T",10.9572637461094,5.25880063346804,2.64232492931477,1.46177531217099,2.6798353789438
"C[T>C]A",2.58462308149997e-17,7.21361121879682,6.82827477165743,2.37731271940379,15.580801290149
"C[T>C]C",62.358877349,33.5382341076401,13.6220578460845,29.581285176005,76.8995455212773
"C[T>C]G",23.8842630978432,13.1647095759508,18.0163803458304,13.6415458549603,13.2931011254222
"C[T>C]T",19.0423160741298,34.0798957623993,10.5425572584036,27.5519252973124,39.783305607762
"C[T>G]A",2.58462308149997e-17,2.96599127382523e-17,2.8988989116152e-17,1.59966216825478e-17,3.000000000007
"C[T>G]C",5.69274811148183,1.12173095000652,5.78979681714936,1.39572412136929,2.20643636716608e-17
"C[T>G]G",29.3305508404234,6.33715448950575,5.5381803278498,21.4577278175389,21.3363865246892
"C[T>G]T",6.3190347626597,6.70853523066184,2.06652893102766e-12,7.36775531663517,7.60467469004822
"G[C>A]A",33.8379165246043,5.18637747767917,9.75440021572368,4.82234367629139,8.39896210570844
"G[C>A]C",4.50320623331241,10.2146450197495,9.53266685969381,8.5532930923103,21.196188794941
"G[C>A]G",1.22686221892482e-15,5.64021308528109,6.40744630932339,1.59966216825478e-17,3.95234060540252
"G[C>A]T",7.16275773257603e-07,4.80096095716587,15.9111559345848,14.5654548764755,25.7224275155051
"G[C>G]A",1.37275333857491,8.69624251824632,1.50687188038975,1.42413226279599,2.25481327402841e-14
"G[C>G]C",2.98355815955476,12.8207746814054,7.8559050633397,4.39935449593822,7.94040759976888
"G[C>G]G",10.6681830814632,22.1004020318192,5.6670501648042,3.92349807716508,0.640866644755293
"G[C>G]T",2.98424792881228,6.62965418933474,4.93313258481027,6.14330082935005,6.30966446769966
"G[C>T]A",76.1215904335946,72.485173700215,48.8054452250449,62.8670816630479,86.7207089781047
"G[C>T]C",130.702026133977,137.732682076786,130.485886079536,110.790361132067,128.28904457764
"G[C>T]G",145.659440758543,130.552822641179,180.489086039838,114.419572906503,211.879077653944
"G[C>T]T",46.733911647701,54.4574272862636,62.1197597845672,42.326779188338,61.3621220931372
"G[T>A]A",1.35000380478171,5.02443873110336,2.36205669262426,5.1628022385975,6.10069853290017
"G[T>A]C",2.88779002082114,4.67178649220893,4.59850715836157,2.32890312615068,2.51301320246469
"G[T>A]G",1.3450094590681,5.64821763065615,5.95004805690675,2.5596800876658,3.4970447657102
"G[T>A]T",2.58462308149997e-17,1.30974124902335,2.8988989116152e-17,4.13966687515803,0.55059187582562
"G[T>C]A",8.80384647342508,5.18853624144158,3.20959868149986,4.25994492574537,6.53807367789511
"G[T>C]C",24.7693628992707,12.9760561462822,9.30986881255822,18.6589022036471,40.2858099382488
"G[T>C]G",2.58462308149997e-17,7.1026322785986,11.8221430610572,6.05344134476209,12.0217833155891
"G[T>C]T",37.7879448879159,27.2722134459622,16.1140852197604,7.65153029120231,22.1742261551662
"G[T>G]A",5.83072634062651e-06,1.4593003115975,1.59693958592434,14.9437542678667,3.89214921130014e-09
"G[T>G]C",0.332297128795317,2.96599127382523e-17,2.2772390297773,4.65032731497565,3.74013652645873
"G[T>G]G",8.05775355682627,15.0652663699913,10.5088711370676,21.1214654423668,10.2466434937551
"G[T>G]T",8.25616883025998,3.64308578578469,2.8988989116152e-17,2.63739607557498,3.46334930838736
"T[C>A]A",13.8241433717925,18.0019365338562,19.6527735288673,8.42415340342435,22.0969931620665
"T[C>A]C",26.9178355461672,20.5681095339277,12.562558828982,13.2011302821916,22.7503658087385
"T[C>A]G",1.00395065303953,2.96599127382523e-17,1.82578344515359,6.58243571239886,7.58783018941502
"T[C>A]T",19.5425960991028,16.3462876099663,11.7126187205349,15.46568250708,23.9328150633231
"T[C>G]A",10.7800074754127,18.2323389312238,9.54184630139716,5.44580729196892,4.46205709037622e-12
"T[C>G]C",9.0020766601516,33.1941910003222,5.63092114095642,0.0050630167869922,0.167748181789754
"T[C>G]G",3.22970617230907,20.354168574328,5.11518865339454,0.737671810055154,1.56326478992027
"T[C>G]T",10.3278610452627,19.436197594944,2.76038968691157,14.4755516728887,2.20643636716608e-17
"T[C>T]A",179.298043775626,149.445285628744,169.745245050601,72.1434654819462,33.3679600630899
"T[C>T]C",623.091119598246,410.892174688989,504.335212734371,326.132439851735,82.5490531266664
"T[C>T]G",206.093271181309,182.06819342445,168.594565213966,141.490607576803,68.753362603479
"T[C>T]T",197.705330150597,226.071642070227,183.580153119544,111.309134108249,35.3337405513902
"T[T>A]A",0.754473737933748,2.45459418444655,3.77101034560285,4.6064912478202,4.41343048420366
"T[T>A]C",6.76173481148265,1.18513227100542,4.5699574429686,5.42824306523099,3.05493240931935
"T[T>A]G",1.31236252424991,6.68712427447539,3.5472092280638,6.47533800742386,2.97796596579404
"T[T>A]T",31.7073216976273,10.6202741397566,14.1758999813604,8.15612234918301,2.34038183207966
"T[T>C]A",5.700090082195,8.0708492375027,4.91634307358091,11.3204740499294,0.992243556798969
"T[T>C]C",15.6724024950076,9.98954403659249,8.89861389596593,10.8892237055917,12.5502158668492
"T[T>C]G",2.58462308149997e-17,3.81883548120902,7.7196829478321,16.2593269974561,13.2021545735098
"T[T>C]T",10.7548825343896,7.50542128418704,6.73948852644043,4.87930590032761,5.1209017546623
"T[T>G]A",0.899428521846665,1.33121452343503,2.8988989116152e-17,2.82426928936684,1.94508766535846
"T[T>G]C",4.68255506929486,7.49061404637271,5.37485344082449,7.88223405517472,2.56974338834021
"T[T>G]G",10.0495936798232,7.9401771585878,4.46537600801755,8.34861603327708,6.19623712030134
"T[T>G]T",9.77061744843927,6.82905763093626,8.1341893720596,1.59966216825478e-17,2.26613554857186
