Hugo_Symbol	mutation_count	samples_mutated	CGC_Tier	CGC_Somatic	CGC_Hallmark	CGC_TumourType	variant_classes
TP53	227	7	1	y	NA	breast, colorectal, lung, sarcoma, prostate, adrenocortical, glioma, Spitzoid tumour, multiple other tumour types	Frame_Shift_Ins;Missense_Mutation;Nonsense_Mutation
KMT2C	170	7	1	y	NA	medulloblastoma	Frame_Shift_Ins;Missense_Mutation;Nonsense_Mutation;Splice_Site
ARID1B	161	7	1	y	NA	breast, hepatocellular carcinoma, clear cell ovarian carcinoma	In_Frame_Del;Missense_Mutation
MED12	160	7	1	y	NA	uterine leiomyoma, fibroadenoma, phyllodes tumour	Frame_Shift_Ins;In_Frame_Del;Missense_Mutation;Nonsense_Mutation;Splice_Site
PLEC	141	6	2	y	NA	breast carcinoma	In_Frame_Del;Missense_Mutation;Nonsense_Mutation
KMT2D	113	7	1	y	NA	medulloblastoma, renal	Frame_Shift_Ins;In_Frame_Del;Missense_Mutation;Nonsense_Mutation
MUC16	105	7	2	y	NA	HNSCC, melanoma	Frame_Shift_Ins;In_Frame_Del;Missense_Mutation;Splice_Site
PABPC1	92	3	2	y	NA	HNSCC, biliary tract carcinoma	Missense_Mutation
NCOR2	89	7	1	y	NA	prostate	In_Frame_Del;In_Frame_Ins;Missense_Mutation
ZFHX3	88	7	1	y	NA	endometrial, gastric, prostate	Frame_Shift_Ins;In_Frame_Del;Missense_Mutation;Nonsense_Mutation
FOXP1	79	3	1	y	NA	ALL	In_Frame_Del;Missense_Mutation
NOTCH1	78	6	1	y	NA	T-ALL, breast, bladder, skin SCC, lung SCC, head and neck SCC	Frame_Shift_Ins;In_Frame_Del;Missense_Mutation;Nonsense_Mutation;Splice_Site
KAT6B	75	3	1	y	NA	AML, leiomyoma	In_Frame_Del;Missense_Mutation
RUNX1T1	69	4	1	y	NA	AML	Missense_Mutation;Nonsense_Mutation
CHD4	67	3	1	y	NA	uterine serous carcinoma	In_Frame_Del;Missense_Mutation;Nonsense_Mutation
XPO1	67	3	1	y	NA	CLL	Missense_Mutation;Nonsense_Mutation
NTRK2	65	4	1	y	NA	colorectal cancer, ganglioglioma, glioma, HNSCC, lung adenocarcinoma	Missense_Mutation
TNRC18	65	7	2	y	NA	paediatric AML, promyelocytic leukaemia	Frame_Shift_Ins;In_Frame_Del;Missense_Mutation
PRDM2	61	5	2	y	NA	glioma, colon adenocarcinoma, gastric carcinoma, ovarian carcinoma, HNSCC	Frame_Shift_Ins;In_Frame_Del;Nonsense_Mutation
TCF7L2	59	5	1	y	NA	colorectal	Frame_Shift_Ins;Missense_Mutation
PTPRD	50	4	2	y	NA	lung cancer, kidney cancer, HNSCC, glioblastoma	Missense_Mutation
TSC2	50	3	1	y	NA	pulmonary lymphangioleiomyomatosis (LAM), renal angiomyolipoma, HNSCC	Missense_Mutation
CSMD3	49	7	2	y	NA	ovarian cancer, oral SCC, lung cancer	Missense_Mutation;Nonsense_Mutation
NBEA	49	4	2	y	NA	large intestine carcinoma, multiple myeloma	Missense_Mutation
EIF3E	48	2	1	y	NA	colorectal	Missense_Mutation;Nonsense_Mutation
MRTFA	48	3	1	y	NA	acute megakaryocytic leukaemia	In_Frame_Del;Missense_Mutation;Nonsense_Mutation
STAT3	46	2	1	y	NA	T-cell large granular lymphocytic leukaemia	Missense_Mutation
AKT1	45	5	1	y	NA	breast, colorectal, ovarian, NSCLC	In_Frame_Del
DEK	42	3	1	y	NA	AML	In_Frame_Del;Missense_Mutation;Nonsense_Mutation
TFEB	42	3	1	y	NA	renal cell carcinoma (childhood epithelioid)	Missense_Mutation
MYO5A	40	2	1	y	NA	Spitzoid tumour	Frame_Shift_Ins;Missense_Mutation
TRRAP	40	3	1	y	NA	melanoma	Frame_Shift_Ins;Missense_Mutation
BCOR	39	2	1	y	NA	retinoblastoma, AML, APL (translocation)	Missense_Mutation
AFDN	38	3	1	y	NA	AL	In_Frame_Del
ARID1A	38	6	1	y	NA	clear cell ovarian carcinoma, RCC, breast	In_Frame_Del;Missense_Mutation
CUX1	38	5	1	y	NA	endometrial, melanoma, colorectal, AML, MDS, other tumour types	In_Frame_Del;Missense_Mutation
NSD2	38	3	1	y	NA	MM	Frame_Shift_Ins;Missense_Mutation
AFF3	37	4	1	y	NA	ALL, T-ALL	In_Frame_Del;Missense_Mutation
TSC1	37	3	1	y	NA	renal cell carcinoma, bladder carcinoma	In_Frame_Del;Missense_Mutation
AKAP9	36	3	2	y	NA	papillary thyroid	Frame_Shift_Ins;Missense_Mutation
SPECC1	36	1	2	y	NA	JMML	Missense_Mutation
CBL	35	6	1	y	NA	AML, JMML, MDS	In_Frame_Del;Missense_Mutation
CTNND1	35	1	2	y	NA	large intestine carcinoma	Missense_Mutation
ABL2	34	4	1	y	NA	AML	Missense_Mutation;Nonsense_Mutation
ATP2B3	34	5	1	y	NA	adrenal aldosterone producing adenoma	In_Frame_Del;Missense_Mutation;Splice_Site
MEN1	33	1	1	y	NA	parathyroid tumours, pancreatic neuroendocrine tumour	Frame_Shift_Ins;Missense_Mutation
CDKN2A	31	3	1	y	NA	melanoma, multiple other tumour types	Missense_Mutation;Nonsense_Mutation
FLNA	31	4	2	y	NA	phyllodes tumour of the breast	Missense_Mutation
KMT2A	31	3	1	y	NA	AML, ALL	In_Frame_Del;Missense_Mutation
MYC	31	5	1	y	NA	B-CLL, breast cancer, Burkitt lymphoma, gastric cancer, ovarian cancer	In_Frame_Del;Missense_Mutation
SMARCA4	31	1	1	y	NA	NSCLC, SCCOHT	In_Frame_Del
ASXL1	30	5	1	y	NA	MDS, CMML	Frame_Shift_Ins;Nonsense_Mutation
FGFR1	30	1	1	y	NA	MPN, NHL, salivary adenoma	Missense_Mutation;Nonsense_Mutation
KDM6A	30	3	1	y	NA	renal cell carcinoma, bladder carcinoma, oesophageal SCC, MM, medulloblastoma, T-ALL, other tumour types	Frame_Shift_Ins;Missense_Mutation
SETD1B	30	6	2	y	NA	CRC, endometrium	Frame_Shift_Ins;In_Frame_Del;Missense_Mutation
SRC	30	2	1	y	NA	colorectal cancer, endometrial carcinoma	Missense_Mutation
CTNND2	29	5	2	y	NA	prostae adenocarcinoma, GIST	In_Frame_Del;Missense_Mutation
KAT6A	29	4	1	y	NA	AML	In_Frame_Del;Missense_Mutation;Nonsense_Mutation
ZNRF3	28	7	2	y	NA	colorectal cancer, adrenocortical carcinoma, gastric cancer	In_Frame_Del;Missense_Mutation;Nonsense_Mutation
FAT3	27	5	2	y	NA	SCC, colon adenocarcinoma, gastric adenocarcinoma	Missense_Mutation
PTCH1	27	6	1	y	NA	skin basal cell, medulloblastoma	In_Frame_Del;Missense_Mutation
WNK2	27	4	2	y	NA	gastric cancer	Missense_Mutation
ZNF521	27	3	1	y	NA	ALL	Missense_Mutation;Nonsense_Mutation
GPC3	26	5	1	n	NA	NA	In_Frame_Del;Missense_Mutation
ERBB3	25	3	1	y	NA	colon, gastric, head and neck, bladder, skin	Missense_Mutation;Splice_Site
RHOH	25	2	1	y	NA	NHL	Missense_Mutation
GNAS	24	6	1	y	NA	pituitary adenoma, pancreatic intraductal papillary mucinous neoplasm, fibrous dysplasia	In_Frame_Del;Missense_Mutation;Nonsense_Mutation
HSP90AB1	24	3	1	y	NA	NHL	Missense_Mutation
MAML2	24	5	1	y	NA	salivary gland mucoepidermoid	Frame_Shift_Ins;In_Frame_Del;Missense_Mutation
PDE4DIP	24	3	1	y	NA	MPN	Frame_Shift_Ins;Missense_Mutation
CLIP1	23	3	1	y	NA	Spitzoid tumour	Missense_Mutation
CSF3R	23	5	1	y	NA	aCML, CNL,  leukaemia lymphoma and MDS associated with severe congenital neutropenia, CMML, de novo AML, MDS	Missense_Mutation;Nonsense_Mutation
RGS7	23	1	2	y	NA	melanoma	Missense_Mutation
ROBO2	23	3	2	y	NA	colorectal adenocarcinoma, melanoma	Frame_Shift_Ins;Missense_Mutation
ARID2	22	5	1	y	NA	hepatocellular carcinoma	Frame_Shift_Ins;Missense_Mutation;Nonsense_Mutation
CTNNA2	22	5	2	y	NA	gastric cancer	Frame_Shift_Ins;Missense_Mutation;Nonsense_Mutation
FAT4	22	4	1	y	NA	lymphoma, pancreatic, head and neck, melanoma, hepatocellular carcinoma	Missense_Mutation
KDM5C	22	2	1	y	NA	clear cell renal carcinoma	Missense_Mutation
RBM10	22	6	1	y	NA	lung adenocarcinoma	In_Frame_Del;Missense_Mutation
ZBTB16	21	2	1	y	NA	APL	Missense_Mutation;Nonsense_Mutation
ASPM	20	4	2	y	NA	breast cancer, lung cancer, endometrial cancer, melanoma	Missense_Mutation;Nonsense_Mutation
BCL11A	20	4	1	y	NA	B-CLL	In_Frame_Del;Missense_Mutation
FAT1	20	6	1	y	NA	oral squamous cell, chemorefractory CLL, head and neck, pancreatic acinar cell carcinoma	Frame_Shift_Ins;Missense_Mutation;Nonsense_Mutation
NF2	20	2	1	y	NA	meningioma, acoustic neuroma, renal	Missense_Mutation
NUMA1	20	2	1	y	NA	APL	Frame_Shift_Ins;Missense_Mutation
ELN	19	1	2	y	NA	B-ALL	Missense_Mutation
GAS7	19	1	1	y	NA	AML*	Missense_Mutation;Nonsense_Mutation
GRIN2A	19	3	1	y	NA	melanoma, colorectal carcinoma, gastric carcinoma, lung carcinoma	Missense_Mutation;Nonsense_Mutation;Nonstop_Mutation
KIT	19	2	1	y	NA	GIST, AML, TGCT, mastocytosis, mucosal melanoma	Frame_Shift_Ins;Missense_Mutation
PPARG	19	1	1	y	NA	follicular thyroid	Missense_Mutation
PRDM1	19	2	1	y	NA	DLBCL	Missense_Mutation
BCL11B	18	3	1	y	NA	T-ALL	In_Frame_Del;Missense_Mutation
BCL9	18	4	1	y	NA	B-ALL	Frame_Shift_Ins;Missense_Mutation
BRIP1	18	2	1	n	NA	NA	Missense_Mutation
MSH6	18	3	1	y	NA	colorectal	Missense_Mutation
NIN	18	3	1	y	NA	MPN	Missense_Mutation
POLG	18	4	2	y	NA	CRC	In_Frame_Del;In_Frame_Ins;Missense_Mutation
RGPD3	18	4	2	y	NA	endometrioid adenocarcinoma	Missense_Mutation
DDX5	17	1	1	y	NA	prostate	Missense_Mutation
MN1	17	7	1	y	NA	AML, MDS	In_Frame_Del;In_Frame_Ins;Missense_Mutation
NTRK3	17	2	1	y	NA	congenital fibrosarcoma, secretory breast	Missense_Mutation
NF1	16	2	1	y	NA	neurofibroma, glioma	Frame_Shift_Ins;Missense_Mutation
SDHA	16	1	1	y	NA	GIST, paraganglioma	Missense_Mutation
SPEN	16	5	1	y	NA	SMZL, adenoid cystic carcinoma, DLBCL	Frame_Shift_Ins;In_Frame_Del;Missense_Mutation
TRAF7	16	5	1	y	NA	meningioma	In_Frame_Del;Missense_Mutation
ACSL6	15	1	2	y	NA	AML, AEL	Missense_Mutation
ASXL2	15	4	2	y	NA	melanoma, CCRCC, AML	In_Frame_Del;Missense_Mutation
BCL9L	15	2	1	y	NA	colorectal cancer, endometrial carcinoma, gastric cancer	Missense_Mutation
CLTCL1	15	5	1	y	NA	ALCL	Missense_Mutation
DDX3X	15	1	1	y	NA	CLL, medulloblastoma	Missense_Mutation
FLT4	15	4	1	y	NA	soft tissue sarcoma	In_Frame_Del;Missense_Mutation;Nonsense_Mutation
MECOM	15	1	1	y	NA	AML, CML, MDS	Missense_Mutation
MLF1	15	1	1	y	NA	AML	Splice_Site
MLH1	15	1	1	y	NA	colorectal, endometrial, ovarian, CNS tumours	Frame_Shift_Ins
DCC	14	3	2	y	NA	CRC, melanoma, SCC	Missense_Mutation;Nonsense_Mutation
IKZF1	14	2	1	y	NA	ALL, DLBCL	Missense_Mutation;Nonsense_Mutation
NSD1	14	1	1	y	NA	AML	Missense_Mutation
SETD2	14	2	1	y	NA	clear cell renal carcinoma	Missense_Mutation
APOBEC3B	13	3	1	n	NA	NA	Missense_Mutation;Nonsense_Mutation
AR	13	3	1	y	NA	prostate	In_Frame_Del;Missense_Mutation
CNTRL	13	3	1	y	NA	MPN, NHL	Frame_Shift_Ins;Missense_Mutation;Nonsense_Mutation
LRP1B	13	5	1	y	NA	CLL, ovarian cancer, oesophageal squamous cell carcinoma, urothelial cancer	Missense_Mutation;Nonsense_Mutation
PML	13	2	1	y	NA	APL, ALL	Missense_Mutation
ABI1	12	1	1	y	NA	AML	Missense_Mutation
BCORL1	12	3	1	y	NA	AML, HNSCC	In_Frame_Del;Missense_Mutation;Nonsense_Mutation
CACNA1D	12	2	1	y	NA	adrenal aldosterone producing adenoma	Frame_Shift_Ins
CRTC1	12	2	1	y	NA	salivary gland mucoepidermoid	Frame_Shift_Ins;Missense_Mutation
FBLN2	12	3	2	y	NA	breast cancer, colorectal adenocarcinoma	In_Frame_Del;Missense_Mutation
MYH9	12	4	1	y	NA	ALCL	In_Frame_Del;Missense_Mutation
NCOR1	12	2	1	y	NA	breast	Missense_Mutation
NOTCH2	12	6	1	y	NA	marginal zone lymphoma, DLBCL, bladder	Frame_Shift_Ins;Missense_Mutation;Nonsense_Mutation;Translation_Start_Site
NR4A3	12	3	1	y	NA	extraskeletal myxoid chondrosarcoma	In_Frame_Del;Missense_Mutation
NRG1	12	4	1	y	NA	NSCLC	In_Frame_Del;Missense_Mutation
SETBP1	12	2	1	y	NA	aCML, sAML, MDS/MPN-U, CMML, JMML	Missense_Mutation;Nonsense_Mutation
TMPRSS2	12	1	1	y	NA	prostate	Missense_Mutation
WT1	12	3	1	y	NA	Wilms tumour, desmoplastic small round cell tumour	In_Frame_Del;Missense_Mutation
ALK	11	4	1	y	NA	ALCL, NSCLC, neuroblastoma, inflammatory myofibroblastic tumour, Spitzoid tumour	Frame_Shift_Ins;Missense_Mutation
BIRC6	11	7	2	y	NA	melanoma, gastric adenocarcinoma, lung adenocarcinoma	Frame_Shift_Ins;Missense_Mutation
CHD2	11	2	2	y	NA	melanoma, large intestine, CLL, monoclonal B lymphocytosis	Missense_Mutation
ETV1	11	1	1	y	NA	Ewing sarcoma, prostate	Missense_Mutation
FGFR3	11	2	1	y	NA	bladder, MM, T-cell lymphoma	Missense_Mutation;Nonsense_Mutation
PMS1	11	1	2	n	NA	NA	Missense_Mutation
RNF213	11	3	1	y	NA	ALCL	Missense_Mutation;Nonsense_Mutation
TCF3	11	2	1	y	NA	pre B-ALL	Missense_Mutation
A1CF	10	2	2	y	NA	melanoma	Missense_Mutation
ARHGAP5	10	3	2	y	NA	colon cancer, glioma	Frame_Shift_Ins;Missense_Mutation
BLM	10	2	1	n	NA	NA	Missense_Mutation
BRD4	10	4	1	y	NA	lethal midline carcinoma of young people	In_Frame_Del;Missense_Mutation
CD209	10	1	2	y	NA	prostate carcinoma	Missense_Mutation
ERG	10	1	1	y	NA	Ewing sarcoma, prostate, AML	Missense_Mutation
JAK1	10	1	1	y	NA	ALL	Missense_Mutation
KIAA1549	10	4	2	y	NA	pilocytic astrocytoma	In_Frame_Del;Missense_Mutation
LPP	10	2	1	y	NA	lipoma, leukaemia	Missense_Mutation
MLLT10	10	2	1	y	NA	AL	In_Frame_Del
NDRG1	10	1	1	y	NA	prostate	Missense_Mutation
NTRK1	10	2	1	y	NA	papillary thyroid, Spitzoid tumour	Missense_Mutation
PBRM1	10	1	1	y	NA	clear cell renal carcinoma, breast	Missense_Mutation
PHF6	10	2	1	y	NA	ETP ALL	Missense_Mutation
ROS1	10	3	1	y	NA	glioblastoma, NSCLC, Spitzoid tumour, cholangiocarcinoma, borderline ovarian	Missense_Mutation;Nonsense_Mutation
RUNX1	10	2	1	y	NA	AML, pre B-ALL, T-ALL	Frame_Shift_Ins;Missense_Mutation
SLC34A2	10	1	1	y	NA	NSCLC	In_Frame_Del;Splice_Site
SRGAP3	10	5	2	y	NA	pilocytic astrocytoma	In_Frame_Del
VAV1	10	2	2	y	NA	T-cell lymphoma	Missense_Mutation
FAM131B	9	2	2	y	NA	pilocytic astrocytoma	Missense_Mutation;Nonsense_Mutation
FAM135B	9	5	2	y	NA	SCLC	Frame_Shift_Ins;Missense_Mutation;Nonsense_Mutation;Splice_Site
GRM3	9	3	2	y	NA	melanoma, oral SCC	Missense_Mutation
MLLT3	9	2	1	y	NA	ALL	In_Frame_Del;Missense_Mutation
NUP214	9	2	1	y	NA	AML, T-ALL	Frame_Shift_Ins;Missense_Mutation
NUP98	9	2	1	y	NA	AML	Missense_Mutation;Nonsense_Mutation
PBX1	9	1	1	y	NA	pre B-ALL, myoepithelioma	Missense_Mutation
POLD1	9	1	1	y	NA	CRC	Missense_Mutation
PWWP2A	9	3	2	y	NA	Spitzoid tumour	Missense_Mutation
TAL1	9	3	1	y	NA	lymphoblastic leukaemia/biphasic	Missense_Mutation
ARHGEF10L	8	5	2	y	NA	lymphoma	In_Frame_Del;Missense_Mutation
CSF1R	8	4	2	y	NA	MDS, CML, AML, hemangioblastoma, CCRCC	In_Frame_Del;Missense_Mutation
DNMT3A	8	2	1	y	NA	AML	Missense_Mutation;Splice_Site
ERBB2	8	1	1	y	NA	breast, ovarian, other tumour types, NSCLC, gastric	Missense_Mutation
FLI1	8	2	1	y	NA	Ewing sarcoma	Missense_Mutation
GLI1	8	2	2	y	NA	CRC, oesophagus cancer	Missense_Mutation
GSK3B	8	1	2	y	NA	endometrial cancer	Missense_Mutation;Splice_Site
IRS4	8	3	1	y	NA	glioma, rhabdomyosarcoma, melanoma, breast cancer, T-ALL	Frame_Shift_Ins;In_Frame_Del;Missense_Mutation
MYCN	8	3	1	y	NA	neuroblastoma, Wilms tumour	Missense_Mutation
NSD3	8	2	1	y	NA	AML	Frame_Shift_Ins;Missense_Mutation
PTPRT	8	1	1	y	NA	HNSCC, colorectal cancer, gastric cancer, lung cancer, melanoma	Missense_Mutation
RASA1	8	2	1	y	NA	lung SCC, oral SCC	Frame_Shift_Ins;Splice_Site
RB1	8	2	1	y	NA	retinoblastoma, sarcoma, breast, small cell lung carcinoma	In_Frame_Del;Nonsense_Mutation
TPR	8	5	1	y	NA	papillary thyroid, NSCLC	In_Frame_Del;Missense_Mutation;Nonsense_Mutation;Splice_Site
ZNF384	8	1	1	y	NA	ALL	Missense_Mutation
ARHGEF12	7	2	1	y	NA	AML	Frame_Shift_Ins;Missense_Mutation
AXIN2	7	2	1	y	NA	colorectal carcinoma, stomach carcinoma, hepatocellular carcinoma	Frame_Shift_Ins;In_Frame_Del;Missense_Mutation
BCL2L12	7	1	2	y	NA	melanoma, SCC	Missense_Mutation
CIITA	7	2	1	y	NA	PMBL, Hodgkin lymphoma	Missense_Mutation
COL2A1	7	4	1	y	NA	chondrosarcoma, enchondroma	Missense_Mutation
CRNKL1	7	2	2	y	NA	basal cell carcinoma	Missense_Mutation
CYLD	7	1	1	y	NA	cylindroma	Missense_Mutation
CYP2C8	7	2	2	y	NA	melanoma	Missense_Mutation
DROSHA	7	2	1	y	NA	Wilms tumour, NSCLC, bladder carcinoma	Missense_Mutation
FGFR4	7	2	1	y	NA	rhabdomyosarcoma	Missense_Mutation
GATA2	7	2	1	y	NA	AML (CML blast transformation)	Missense_Mutation
HOXD11	7	7	1	y	NA	AML	In_Frame_Del
IGF2BP2	7	1	2	y	NA	lymphoma	Missense_Mutation
IKZF3	7	1	1	y	NA	B-ALL, CLL, breast cancer, colorectal cancer	Missense_Mutation
MAP3K1	7	3	1	y	NA	luminal A breast	In_Frame_Del;Missense_Mutation
PHOX2B	7	6	1	y	NA	neuroblastoma	Frame_Shift_Ins;In_Frame_Del;Missense_Mutation
PICALM	7	1	1	y	NA	T-ALL, AML	Nonsense_Mutation
RET	7	2	1	y	NA	medullary thyroid, papillary thyroid, pheochromocytoma, NSCLC, Spitzoid tumour	In_Frame_Del;Missense_Mutation
RICTOR	7	3	1	y	NA	lung SCC	Missense_Mutation
SGK1	7	1	2	y	NA	Nodular lymphocyte predominant Hodgkin lymphoma	Missense_Mutation
STAG2	7	1	1	y	NA	bladder carcinoma, glioblastoma, melanoma, Ewing's sarcoma, myeloid neoplasms	Missense_Mutation
TNC	7	1	2	y	NA	SCC, melanoma	Missense_Mutation
ZEB1	7	2	2	y	NA	CCRCC, melanoma	Missense_Mutation
ARHGAP26	6	1	1	y	NA	AML, MDS	Missense_Mutation
ATR	6	3	1	y	NA	endometrial, gastric, epithelial ovarian, myeloma	Frame_Shift_Ins;Missense_Mutation;Nonsense_Mutation
BRD3	6	2	1	y	NA	lethal midline carcinoma of young people	Frame_Shift_Ins;Missense_Mutation
CDH10	6	5	2	y	NA	melanoma	Missense_Mutation
CIC	6	1	1	y	NA	oligodendroglioma, soft tissue sarcoma	Missense_Mutation
CPEB3	6	2	2	y	NA	lung cancer	Frame_Shift_Ins;In_Frame_Del
CREBBP	6	3	1	y	NA	ALL, AML, DLBCL, B-NHL	In_Frame_Del
DDB2	6	1	1	n	NA	NA	In_Frame_Del
DDIT3	6	1	1	y	NA	liposarcoma	Missense_Mutation
DDR2	6	2	1	y	NA	squamous cell carcinoma, NSCLC	Missense_Mutation
DDX10	6	2	1	y	NA	AML*	In_Frame_Del
EGFR	6	2	1	y	NA	glioma, NSCLC	Missense_Mutation
ERCC5	6	3	1	n	NA	NA	Missense_Mutation
EZH2	6	1	1	y	NA	DLBCL	Missense_Mutation
FAM47C	6	2	2	y	NA	melanoma, clear cell sarcoma of soft parts, SCLC	Missense_Mutation;Nonsense_Mutation
FANCA	6	1	1	n	NA	NA	Missense_Mutation
HIP1	6	2	1	y	NA	CMML, NSCLC	Missense_Mutation
JUN	6	6	1	y	NA	sarcoma	In_Frame_Del;Missense_Mutation
KDR	6	4	1	y	NA	NSCLC, angiosarcoma	Missense_Mutation
LCK	6	1	1	y	NA	T-ALL	Missense_Mutation
MAP3K13	6	2	1	y	NA	breast	Frame_Shift_Ins;Missense_Mutation
MAPK1	6	2	1	y	NA	CLL, ovarian mixed germ cell tumour, cervical carcinoma	In_Frame_Del
MLLT1	6	5	1	y	NA	AL	In_Frame_Del;Missense_Mutation
PAX7	6	2	1	y	NA	alveolar rhabdomyosarcoma	Frame_Shift_Ins;Missense_Mutation
PRF1	6	3	1	n	NA	NA	In_Frame_Del
PRKACA	6	1	1	y	NA	fibrolamellar hepatocellular carcinoma, cortisol secreting adrenal adenoma	Missense_Mutation
PRPF40B	6	2	2	y	NA	melanoma, colon carcinoma, MDS	In_Frame_Del;Missense_Mutation
PTPN11	6	1	1	y	NA	JMML, AML, MDS	Missense_Mutation
RAP1GDS1	6	1	1	y	NA	T-ALL	Missense_Mutation
SS18	6	1	1	y	NA	synovial sarcoma	Missense_Mutation
STIL	6	1	1	y	NA	T-ALL	Missense_Mutation
SUFU	6	2	1	y	NA	medulloblastoma	Missense_Mutation
TRIM24	6	3	1	y	NA	APL	Missense_Mutation
TRIM33	6	3	1	y	NA	papillary thyroid	In_Frame_Del
USP8	6	2	1	y	NA	corticotroph adenoma	Missense_Mutation
USP9X	6	3	2	y	NA	colon carcinoma	Frame_Shift_Ins;Missense_Mutation;Nonsense_Mutation
ZMYM3	6	1	2	y	NA	CRC, breast cancer	Missense_Mutation
ASPSCR1	5	1	1	y	NA	alveolar soft part sarcoma	Missense_Mutation
CCR7	5	2	2	y	NA	adult T-cell leukaemia/lymphoma	Missense_Mutation
FSTL3	5	1	1	y	NA	B-CLL	Missense_Mutation
GPC5	5	3	2	y	NA	lung adenocarcinoma	Missense_Mutation
HOXD13	5	5	1	y	NA	AML*	In_Frame_Del
LATS1	5	2	1	y	NA	skin basal cell carcinoma	Missense_Mutation
N4BP2	5	3	2	y	NA	lung cancer	Missense_Mutation
PIK3CA	5	2	1	y	NA	colorectal, gastric, glioblastoma, breast	Missense_Mutation
PIK3CB	5	1	1	y	NA	SCC, NSCLC	Frame_Shift_Ins
PTPN13	5	1	1	y	NA	lung, NSCLC, gastric, peritoneal carcinomatosis	Missense_Mutation
RAD51B	5	1	1	y	NA	lipoma, uterine leiomyoma	Missense_Mutation
SF3B1	5	2	1	y	NA	myelodysplastic syndrome	Missense_Mutation
SMARCE1	5	1	1	n	NA	NA	Missense_Mutation
SOS1	5	1	1	y	NA	lung adenocarcinoma, follicular thyroid adenoma	Missense_Mutation
SOX21	5	4	2	y	NA	multiple myeloma	In_Frame_Del;Missense_Mutation
SRSF2	5	1	1	y	NA	MDS, CLL	Missense_Mutation
TCEA1	5	1	1	y	NA	salivary adenoma	Nonsense_Mutation
TP63	5	1	1	y	NA	HNSCC, DLBCL	Missense_Mutation
WDCP	5	2	1	y	NA	colorectal	Missense_Mutation
AKT2	4	1	1	y	NA	ovarian, pancreatic	Missense_Mutation
ATM	4	2	1	y	NA	T-PLL	Missense_Mutation;Nonsense_Mutation
ATRX	4	1	1	y	NA	pancreatic neuroendocrine tumours, paediatric GBM	Missense_Mutation
BCL6	4	1	1	y	NA	NHL, CLL	Missense_Mutation
BCL7A	4	2	1	y	NA	BNHL	Missense_Mutation
CBFA2T3	4	2	1	y	NA	AML	Missense_Mutation
CDH1	4	2	1	y	NA	lobular breast, gastric	In_Frame_Del
CDH17	4	1	2	y	NA	melanoma	Missense_Mutation
CHST11	4	2	2	y	NA	B-CLL	Missense_Mutation
CLTC	4	1	1	y	NA	ALCL, renal	Missense_Mutation
CNBD1	4	2	2	y	NA	gastric cancer, colon cancer	Missense_Mutation;Splice_Site
COL1A1	4	4	1	y	NA	DFSP, aneurysmal bone cyst	Missense_Mutation;Nonsense_Mutation
COL3A1	4	1	2	y	NA	lipoblastoma	Missense_Mutation;Nonsense_Mutation
EBF1	4	1	1	y	NA	lipoma	Missense_Mutation
EP300	4	2	1	y	NA	colorectal, breast, pancreatic, AML, ALL, DLBCL	Missense_Mutation
ERCC3	4	1	1	n	NA	NA	In_Frame_Del
ETV5	4	2	1	y	NA	prostate	Missense_Mutation
FLCN	4	2	1	n	NA	NA	Missense_Mutation
HIF1A	4	1	1	y	NA	endometrioid carcinoma, glioblastoma, colorectal, renal, lung, pancreatic	Missense_Mutation
HNF1A	4	1	1	y	NA	hepatic adenoma, hepatocellular	Missense_Mutation
IL6ST	4	1	1	y	NA	hepatocellular carcinoma	Missense_Mutation
JAK3	4	2	1	y	NA	acute megakaryocytic leukaemia, ETP ALL	Missense_Mutation
KNL1	4	2	1	y	NA	AML	Missense_Mutation
LARP4B	4	1	2	y	NA	CRC, glioma	In_Frame_Del
LASP1	4	2	1	y	NA	AML	Missense_Mutation
MPL	4	2	1	y	NA	MPN	Missense_Mutation
MYCL	4	1	1	y	NA	small cell lung carcinoma	Missense_Mutation
NKX2-1	4	1	1	y	NA	NSCLC	In_Frame_Del
NR2F2	4	4	2	y	NA	endometrioid carcinoma, soft-tissue sarcoma	In_Frame_Del
NUTM1	4	1	1	y	NA	lethal midline carcinoma	Missense_Mutation
PCM1	4	1	1	y	NA	papillary thyroid, CML, MPN	Missense_Mutation
PDGFRB	4	2	1	y	NA	MPN, AML, CMML, CML	Missense_Mutation
POLE	4	2	1	y	NA	colorectal carcinoma, endometrioid carcinoma, stomach carcinoma, skin cancer	In_Frame_Del;Missense_Mutation
PRCC	4	2	1	y	NA	papillary renal	Missense_Mutation
PTEN	4	1	1	y	NA	glioma, prostate, endometrial	Frame_Shift_Ins
RANBP2	4	3	1	y	NA	inflammatory myofibroblastic tumour	Missense_Mutation
SALL4	4	2	1	y	NA	colorectal cancer, breast cancer, prostate cancer, glioblastoma, melanoma	In_Frame_Del
SET	4	3	1	y	NA	T-ALL	Frame_Shift_Ins;In_Frame_Del
SMC1A	4	1	2	y	NA	AML	Missense_Mutation
STAG1	4	1	2	y	NA	colorectal cancer, AML	Missense_Mutation
TBX3	4	1	1	y	NA	breast, large intestine, skin	Missense_Mutation
TERT	4	2	1	y	NA	melanoma, glioblastoma, hepatocellular carcinoma, bladder, skin basal cell, skin squamous cell, mesothelioma, medulloblastoma, other tumour types	Frame_Shift_Ins;Missense_Mutation
USP6	4	1	1	y	NA	aneurysmal bone cyst	Missense_Mutation
WWTR1	4	1	1	y	NA	epithelioid haemangioendothelioma	Missense_Mutation
ZNF479	4	2	2	y	NA	lung cancer, bladder carcinoma, prostate carcinoma	Missense_Mutation;Nonsense_Mutation
ACVR2A	3	1	1	y	NA	large intestine carcinoma, stomach carcinoma, pancreatic carcinoma, biliary tract, oesophagus	Missense_Mutation
AFF4	3	1	1	y	NA	ALL	Missense_Mutation;Nonsense_Mutation
ARHGAP35	3	1	1	y	NA	endometrial carcinoma	Missense_Mutation
BAP1	3	1	1	y	NA	uveal melanoma, breast, NSCLC, RCC	Missense_Mutation
BAZ1A	3	1	2	y	NA	uterine carcinosarcoma, colon cancer	Missense_Mutation
BMP5	3	3	2	y	NA	melanoma	Missense_Mutation;Nonsense_Mutation
BRCA2	3	1	1	y	NA	breast, ovarian, pancreatic	Splice_Site
CCND1	3	2	1	y	NA	CLL, B-ALL, breast	In_Frame_Del;Missense_Mutation
CDH11	3	1	1	y	NA	aneurysmal bone cyst	Missense_Mutation
CEBPA	3	3	1	y	NA	AML, MDS	In_Frame_Del;Missense_Mutation
CYSLTR2	3	1	2	y	NA	uveal melanoma	Missense_Mutation
DGCR8	3	1	2	y	NA	Wilms tumour	Missense_Mutation
EPHA3	3	1	2	y	NA	lung cancer, CRC, melanoma	Missense_Mutation
EPHA7	3	1	2	y	NA	CRC, melanoma	Missense_Mutation
FANCC	3	1	1	n	NA	NA	Missense_Mutation
FCRL4	3	3	1	y	NA	B-NHL	Missense_Mutation
FKBP9	3	1	2	y	NA	glioma	Missense_Mutation
FUS	3	1	1	y	NA	liposarcoma, AML, Ewing sarcoma, angiomatoid fibrous histiocytoma, fibromyxoid sarcoma	In_Frame_Del
GNAQ	3	2	1	y	NA	uveal melanoma, primary central nervous system melanocytic neoplasms	Missense_Mutation;Nonsense_Mutation
IL21R	3	1	1	y	NA	NHL	Nonsense_Mutation
ITGAV	3	1	2	y	NA	large intestine carcinoma	Missense_Mutation
KCNJ5	3	1	1	y	NA	adrenal adenoma	Missense_Mutation
KTN1	3	3	1	y	NA	papillary thyroid	In_Frame_Del
LATS2	3	3	1	y	NA	malignant mesothelioma	In_Frame_Del;Missense_Mutation;Nonsense_Mutation
MACC1	3	1	2	y	NA	liver, CRC	Missense_Mutation
MAF	3	1	1	y	NA	MM	Missense_Mutation
MTOR	3	2	1	y	NA	endometrial carcinoma, head and neck, clear cell renal cell carcinoma, anaplastic thyroid cancer, urothelial cell carcinoma, central nervous system tumours, testicular germ cell tumours and other tumour types	Missense_Mutation
NACA	3	2	2	y	NA	NHL	Missense_Mutation
PAX8	3	1	1	y	NA	follicular thyroid	Missense_Mutation
PIK3R2	3	3	2	y	NA	ovarian carcinoma	In_Frame_Del
POLQ	3	2	1	y	NA	oral SCC	Missense_Mutation
PPM1D	3	1	1	y	NA	glioma, ovarian cancer, breast cancer	Missense_Mutation
PREX2	3	2	1	y	NA	melanoma, pancreatic ductal adenocarcinoma	Missense_Mutation;Nonsense_Mutation
RSPO2	3	1	1	y	NA	colorectal	Nonsense_Mutation
SH3GL1	3	1	1	y	NA	AL	Missense_Mutation
SMO	3	3	1	y	NA	skin basal cell	Frame_Shift_Ins;In_Frame_Del;Missense_Mutation
TET2	3	1	1	y	NA	MDS	Nonsense_Mutation
THRAP3	3	1	2	y	NA	aneurysmal bone cyst	Missense_Mutation
TLX1	3	1	1	y	NA	T-ALL	In_Frame_Del
UBR5	3	1	1	y	NA	mantle cell lymphoma, gastric, colorectal	Missense_Mutation
ZMYM2	3	1	1	y	NA	MPN, NHL	In_Frame_Del
ACKR3	2	1	1	y	NA	lipoma	Missense_Mutation
ALDH2	2	1	2	y	NA	leiomyoma	Missense_Mutation
APC	2	1	1	y	NA	colorectal, pancreatic, desmoid, hepatoblastoma, glioma, other CNS	Missense_Mutation
ARAF	2	2	2	y	NA	cholangiocarcinoma, lung adenocarcinoma, Langerhans cell histiocytosis	Missense_Mutation;Splice_Site
AXIN1	2	1	1	y	NA	colorectal, endometrial, prostate, hepatocellular carcinoma, hepatoblastoma, sporadic medulloblastoma	Missense_Mutation
CAMTA1	2	2	1	y	NA	epithelioid haemangioendothelioma	Missense_Mutation
CARD11	2	2	1	y	NA	DLBCL	Missense_Mutation
CD79A	2	1	1	y	NA	DLBCL, WM	Missense_Mutation
CD79B	2	1	1	y	NA	DLBCL, WM	Missense_Mutation
CDK12	2	1	1	y	NA	serous ovarian	Missense_Mutation
CTNNA1	2	1	2	y	NA	AML, MDS, cutaneous melanoma	Missense_Mutation
ECT2L	2	1	2	y	NA	ETP ALL	Missense_Mutation
EPAS1	2	1	1	y	NA	paraganglioma, pheochromocytoma, central nervous system hemangioblastomas	Missense_Mutation
EPS15	2	1	1	y	NA	ALL	Nonsense_Mutation
ERCC4	2	1	1	n	NA	NA	Missense_Mutation
EZR	2	1	1	y	NA	NSCLC	Missense_Mutation
FH	2	1	1	n	NA	NA	Missense_Mutation
FLT3	2	2	1	y	NA	AML, ALL	Missense_Mutation
FOXA1	2	2	1	y	NA	breast, prostate	In_Frame_Del
FOXO1	2	1	1	y	NA	alveolar rhabdomyosarcoma	Missense_Mutation
FOXO4	2	1	1	y	NA	AL, soft tissue sarcoma	Translation_Start_Site
GATA3	2	1	1	y	NA	breast	Missense_Mutation
GOLGA5	2	1	1	y	NA	papillary thyroid, Spitzoid tumour	Missense_Mutation;Nonsense_Mutation
HOXA11	2	1	1	y	NA	CML	In_Frame_Del
HOXA13	2	2	1	y	NA	AML	In_Frame_Del
HOXC11	2	1	1	y	NA	AML	Missense_Mutation
HOXC13	2	2	1	y	NA	AML	In_Frame_Del;Missense_Mutation
IKBKB	2	1	1	y	NA	SMZL	Missense_Mutation
IRF4	2	2	1	y	NA	MM	Missense_Mutation
ISX	2	1	2	y	NA	melanoma	Nonsense_Mutation
JAK2	2	1	1	y	NA	ALL, AML, MPN,  CML	Missense_Mutation
LCP1	2	1	2	y	NA	NHL	Missense_Mutation
LIFR	2	1	1	y	NA	salivary adenoma	Nonsense_Mutation
LZTR1	2	2	1	y	NA	glioblastoma	Missense_Mutation
MAP2K4	2	1	1	y	NA	pancreatic, breast, colorectal	Missense_Mutation
MET	2	1	1	y	NA	papillary renal, head-neck squamous cell	Missense_Mutation
NBN	2	1	1	n	NA	NA	Missense_Mutation
P2RY8	2	1	1	y	NA	B-ALL, Down syndrome associated ALL	Missense_Mutation
PDGFB	2	1	1	y	NA	DFSP	Missense_Mutation
PLAG1	2	1	1	y	NA	salivary adenoma, lipoblastoma	Missense_Mutation
POLR2A	2	1	2	y	NA	meningioma	Missense_Mutation
POU2AF1	2	1	1	y	NA	NHL	Missense_Mutation
RFWD3	2	1	2	y	NA	lung cancer	Missense_Mutation
SH2B3	2	1	1	y	NA	MPN, sAML, erythrocytosis, B-ALL	Missense_Mutation;Nonsense_Mutation
SLC45A3	2	2	1	y	NA	prostate	Missense_Mutation
SND1	2	2	1	y	NA	pancreas acinar carcinoma	Missense_Mutation
SRSF3	2	1	1	y	NA	follicular lymphoma	Missense_Mutation
STAT5B	2	2	1	y	NA	large granular lymphocytic leukaemia, skin basal cell, APL	Frame_Shift_Ins
TMEM127	2	1	1	n	NA	NA	Frame_Shift_Ins
BTG1	1	1	1	y	NA	B-CLL	Missense_Mutation
BTG2	1	1	2	y	NA	DLBCL	Missense_Mutation
CCDC6	1	1	1	y	NA	papillary thyroid, CML, NSCLC	Missense_Mutation
CDX2	1	1	1	y	NA	AML	Missense_Mutation
CNTNAP2	1	1	2	y	NA	glioma, melanoma	Missense_Mutation
DNM2	1	1	1	y	NA	T-ALL	Missense_Mutation
ETV6	1	1	1	y	NA	congenital fibrosarcoma, multiple different leukaemia and lymphoma tumour types including ALL, secretory breast, MDS	Missense_Mutation
FADD	1	1	2	y	NA	breast cancer, HNSCC	Missense_Mutation
FANCE	1	1	1	n	NA	NA	Missense_Mutation
IL7R	1	1	1	y	NA	ALL, ETP ALL	Missense_Mutation
KDM5A	1	1	1	y	NA	AML	Frame_Shift_Ins
KIF5B	1	1	1	y	NA	NSCLC, Spitzoid tumour	Nonsense_Mutation
LHFPL6	1	1	2	y	NA	lipoma	Missense_Mutation
LMO2	1	1	1	y	NA	T-ALL	In_Frame_Del
MAX	1	1	1	y	NA	pheochromocytoma, endometrioid carcinoma, colon carcinoma	Missense_Mutation
MB21D2	1	1	2	y	NA	lung cancer	Frame_Shift_Ins
MLLT11	1	1	1	y	NA	ALL	In_Frame_Del
MUC1	1	1	1	y	NA	B-NHL	Missense_Mutation
NCOA2	1	1	1	y	NA	AML, chondrosarcoma, rhabdomyosarcoma	Missense_Mutation
NFKBIE	1	1	1	y	NA	CLL, desmoplastic melanoma	Missense_Mutation
NUTM2B	1	1	1	y	NA	endometrial stromal sarcoma	Missense_Mutation
PDGFRA	1	1	1	y	NA	GIST, idiopathic hypereosinophilic syndrome, paediatric glioblastoma	Missense_Mutation
PRKAR1A	1	1	1	y	NA	papillary thyroid	Missense_Mutation
RAD50	1	1	1	y	NA	breast cancer	Frame_Shift_Ins
RNF43	1	1	1	y	NA	cholangiocarcinoma, ovary, pancreas	Missense_Mutation
RSPO3	1	1	1	y	NA	colorectal	Missense_Mutation
SBDS	1	1	1	n	NA	NA	Missense_Mutation
SKI	1	1	2	y	NA	melanoma	Missense_Mutation
TET1	1	1	1	y	NA	AML	Missense_Mutation
TFE3	1	1	1	y	NA	papillary renal, alveolar soft part sarcoma, renal	Missense_Mutation
TRIP11	1	1	1	y	NA	AML	Missense_Mutation
WRN	1	1	1	n	NA	NA	Frame_Shift_Ins
